{
  "users": {
    "628386881536@s.whatsapp.net": {},
    "6285179814739@s.whatsapp.net": {},
    "6283137657067@s.whatsapp.net": {},
    "6281932676121@s.whatsapp.net": {},
    "6283822046797@s.whatsapp.net": {},
    "6282384967878@s.whatsapp.net": {},
    "6287761841676@s.whatsapp.net": {}
  },
  "chats": {
    "628386881536@s.whatsapp.net": {},
    "120363352512192240@g.us": {},
    "6287875411618@s.whatsapp.net": {},
    "6285179814739@s.whatsapp.net": {},
    "120363330958975509@g.us": {},
    "62895327052020@s.whatsapp.net": {},
    "6283137657067@s.whatsapp.net": {},
    "6287817608964@s.whatsapp.net": {},
    "6285393939655@s.whatsapp.net": {},
    "6287761841676@s.whatsapp.net": {},
    "6282384967878@s.whatsapp.net": {},
    "6281284128208@s.whatsapp.net": {},
    "6281311078032@s.whatsapp.net": {}
  },
  "game": {},
  "database": {},
  "settings": {
    "628386881536@s.whatsapp.net": {
      "status": 0,
      "stock": 10,
      "autobio": false,
      "autoTyping": false,
      "autoRecord": true,
      "autoButton": true,
      "public": false,
      "setPrefix": "all",
      "onlygrub": false,
      "autoread": false,
      "menuType": "buttonImage"
    }
  },
  "setting": {},
  "others": {},
  "sticker": {}
}